epoch,training_loss,val_loss
0,0.5077030658721924,0.5570945739746094
1,0.3824877142906189,0.53658527135849
2,0.35223978757858276,0.5299514532089233
3,0.33855393528938293,0.5256247520446777
4,0.35027050971984863,0.48579010367393494
